id,title,description,category,sentiment,confidence,importance,sentiment_by_vader,url,source,date,title_with_desc,title_with_desc_score,title_with_desc_label
t3_rtbi10,Is there a online petition against coming GST hike?,[removed],Economy,-0.9,0.9,0.9,0.0,https://www.reddit.com/r/singapore/comments/rtbi10/is_there_a_online_petition_against_coming_gst_hike/,Reddit,2022-01-01 04:31:00,Is there a online petition against coming GST hike? [removed],-0.2875678837299347,negative
t3_rtixb1,Is this a scam? I was paying for a CRT test and this SMS came with OTP no. It‚Äôs not a local no. Is it suspicious?,[deleted],Environment,-0.9,0.9,0.9,-0.8738,https://i.redd.it/gi0f5zxaq2981.jpg,Reddit,2022-01-01 12:56:00,Is this a scam? I was paying for a CRT test and this SMS came with OTP no. It‚Äôs not a local no. Is it suspicious? [deleted],-0.9032158059120179,negative
t3_rtm3pm,A lampost came down near my estate,,Infrastructure,-0.7,0.9,0.8,0.0,https://i.redd.it/kfwl27vpm3981.jpg,Reddit,2022-01-01 15:58:00,,-0.42402517795562744,negative
t3_rtq15h,Man dies after fight at Woodlands dormitory; alleged attacker arrested on New Year's Day,,Public Safety,-0.8,0.9,0.8,0.0,https://www.straitstimes.com/singapore/courts-crime/man-dies-after-fight-at-woodlands-dormitory-alleged-attacker-arrested-on-new-years-day,Reddit,2022-01-01 19:08:00,,-0.42402517795562744,negative
t3_ru0ckw,Man dies after being attacked with wooden plank on New Year's Day; migrant worker charged in court,,Public Safety,-0.8,0.9,0.8,0.0,https://www.straitstimes.com/singapore/courts-crime/man-dies-after-being-attacked-with-wooden-plank-on-new-years-day-migrant-worker-charged-in-court,Reddit,2022-01-02 03:26:00,,-0.42402517795562744,negative
t3_ru4hwm,New Year's Eve gathering at Clarke Quay 'potential superspreading event': COVID-19 task force,,Public Health,-0.8,0.9,0.9,0.0,https://www.channelnewsasia.com/singapore/clarke-quay-new-year-eve-covid-19-superspreading-event-2411006,Reddit,2022-01-02 07:26:00,,-0.42402517795562744,negative
t3_ru4o5p,Video shows hundreds partying in Clarke Quay on New Year's Eve in blatant breach of safe-distancing rules,[deleted],Public Health,-0.8,0.9,0.9,0.3818,https://www.straitstimes.com/singapore/video-shows-hundreds-partying-in-clarke-quay-on-new-years-eve-in-blatant-breach-of-safe-distancing-rules,Reddit,2022-01-02 07:39:00,Video shows hundreds partying in Clarke Quay on New Year's Eve in blatant breach of safe-distancing rules [deleted],-0.22309118304252626,negative
t3_ru4tx7,"New Year's Eve gathering in Clarke Quay a 'potential superspreading event', warns Covid-19 task force",,Public Health,-0.8,0.9,0.9,0.0,https://www.straitstimes.com/singapore/video-shows-hundreds-partying-in-clarke-quay-on-new-years-eve-in-blatant-breach-of-safe-distancing-rules,Reddit,2022-01-02 07:50:00,,-0.42402517795562744,negative
t3_ru5886,"Authorities looking into 'potential superspreading event' at Clarke Quay, after crowds purportedly gathered for impromptu New Year countdown",,Public Health,-0.8,0.9,0.9,0.0,https://www.todayonline.com/singapore/authorities-looking-potential-superspreading-event-clarke-quay-after-crowds-purportedly-gathered-impromptu-new-year-countdown-1782186,Reddit,2022-01-02 08:18:00,,-0.42402517795562744,negative
t3_ru5ym0,"Grown ass S'porean man, 61, jailed after breaking nose of bus captain, 62, who told him to wear mask",,Public Safety,-0.9,0.9,0.8,0.0,https://mothership.sg/2022/01/aziz-khan-jailed/,Reddit,2022-01-02 09:10:00,,-0.42402517795562744,negative
t3_ru8uc5,"INSTAGRAM HAS REMOVED MY T-SHIRTS, THEY SAY IT GOES AGAINST THEIR RULES",,Public Safety,-0.8,0.9,0.8,0.0,https://i.redd.it/k1nza215s9981.jpg,Reddit,2022-01-02 12:39:00,,-0.42402517795562744,negative
t3_rung6f,Remove or Re-Calibrate The Latest VDS Measures &amp; Protect The Unvaccinated From Losing Jobs,[removed],Public Health,-0.9,0.9,0.9,0.0,https://www.reddit.com/r/singapore/comments/rung6f/remove_or_recalibrate_the_latest_vds_measures/,Reddit,2022-01-03 00:04:00,Remove or Re-Calibrate The Latest VDS Measures &amp; Protect The Unvaccinated From Losing Jobs [removed],-0.35565778613090515,negative
t3_runhb8,Protect The Unvax Singaporeans From Losing Jobs,[removed],Public Health,-0.9,0.9,0.9,0.0,https://www.reddit.com/r/singapore/comments/runhb8/protect_the_unvax_singaporeans_from_losing_jobs/,Reddit,2022-01-03 00:05:00,Protect The Unvax Singaporeans From Losing Jobs [removed],-0.2943580746650696,negative
t3_rus7jk,"HDB resale prices rose 12.5% in 2021, highest annual growth since 2010 - Flash estimates : CNA",,Housing,-0.8,0.9,0.9,0.0,https://www.channelnewsasia.com/singapore/hdb-flat-resale-prices-rise-2021-fourth-quarter-increase-estimates-2411551,Reddit,2022-01-03 03:52:00,,-0.42402517795562744,negative
t3_ruv4in,most of us have probably met irl because of how small singapore is.,[removed],Technology,-0.8,0.9,0.6,0.0,https://www.reddit.com/r/singapore/comments/ruv4in/most_of_us_have_probably_met_irl_because_of_how/,Reddit,2022-01-03 06:30:00,most of us have probably met irl because of how small singapore is. [removed],-0.40570706129074097,negative
t3_ruwhgj,How full are the SFO-SIN VTL flights? Anyone who‚Äôs flown in recently from San Francisco?,[removed],Public Safety,-0.9,0.95,0.9,0.0,https://www.reddit.com/r/singapore/comments/ruwhgj/how_full_are_the_sfosin_vtl_flights_anyone_whos/,Reddit,2022-01-03 07:59:00,How full are the SFO-SIN VTL flights? Anyone who‚Äôs flown in recently from San Francisco? [removed],-0.48943886160850525,negative
t3_ruwtxg,How do I get user flair in this sub?,[removed],Technology,-0.8,0.9,0.6,0.0,https://www.reddit.com/r/singapore/comments/ruwtxg/how_do_i_get_user_flair_in_this_sub/,Reddit,2022-01-03 08:22:00,How do I get user flair in this sub? [removed],-0.4846278727054596,negative
t3_ruxlie,Wanting to be a swim coach but unable to swim.,[removed],Public Safety,-0.9,0.95,0.9,0.0,https://www.reddit.com/r/singapore/comments/ruxlie/wanting_to_be_a_swim_coach_but_unable_to_swim/,Reddit,2022-01-03 09:15:00,Wanting to be a swim coach but unable to swim. [removed],-0.43476423621177673,negative
t3_ruzfub,'NSFW' Can anyone identify the dead animal?,[deleted],Legal,-0.7,0.9,0.8,-0.6486,https://i.redd.it/b4rwd0q0ig981.jpg,Reddit,2022-01-03 11:16:00,'NSFW' Can anyone identify the dead animal? [deleted],-0.7030651062011719,negative
t3_ruzhpf,Can anyone identify the dead animal?,[deleted],Public Safety,-0.8,0.9,0.8,-0.6486,https://i.redd.it/j3c5u1mrig981.jpg,Reddit,2022-01-03 11:19:00,Can anyone identify the dead animal? [deleted],-0.6527542262554169,negative
t3_rv0yeq,2022 HP Reverb G2 Custom Controller Bindings Steam VR Set Up Guide &amp; WMR!,,Legal,-0.7,0.9,0.8,0.0,https://www.youtube.com/watch?v=VkRlNFfwFmE,Reddit,2022-01-03 12:46:00,,-0.42402517795562744,negative
t3_rv4kwi,"Public raises S$67,323 for Loh Kean Yew who won S$0 for being badminton world champion",,Public Safety,-0.9,0.95,0.9,0.0,https://mothership.sg/2022/01/loh-kean-yew-donation-fund/,Reddit,2022-01-03 15:45:00,,-0.42402517795562744,negative
t3_rvhoij,Forum: Banks can do more to share customers' losses due to online scams,,Legal,-0.8,0.9,0.9,0.0,https://www.straitstimes.com/opinion/forum/forum-banks-can-do-more-to-share-customers-losses-due-to-online-scams,Reddit,2022-01-04 01:20:00,,-0.42402517795562744,negative
t3_rvj346,UN Convention on Road Traffic 1949 preventing LTA from enforcing action against illegally-modified Malaysian motorcycles? This is insane.,,Legal,-0.8,0.9,0.9,0.0,https://i.redd.it/jt5u70v70l981.png,Reddit,2022-01-04 02:26:00,,-0.42402517795562744,negative
t3_rvp4hp,How would a Malaysian go about working in Singapore after graduation?,[removed],Public Health,-0.6,0.9,0.8,0.0,https://www.reddit.com/r/singapore/comments/rvp4hp/how_would_a_malaysian_go_about_working_in/,Reddit,2022-01-04 07:57:00,How would a Malaysian go about working in Singapore after graduation? [removed],-0.48234862089157104,negative
t3_rvw242,Weekly Covid-19 infection growth rate rises above 1 for first time since Nov 12; 842 new cases in S‚Äôpore,,Public Health,-0.7,0.9,0.9,0.0,https://www.straitstimes.com/singapore/health/842-new-covid-19-cases-reported-in-sporeweekly-infection-growth-rate-rises-to-109,Reddit,2022-01-04 14:48:00,,-0.42402517795562744,negative
t3_rw6ztg,Why is Singapore's commitment to reduce inequality is one of the lowest in Asia?,[removed],Economy,-0.8,0.9,0.9,0.0,https://www.reddit.com/r/singapore/comments/rw6ztg/why_is_singapores_commitment_to_reduce_inequality/,Reddit,2022-01-04 22:46:00,Why is Singapore's commitment to reduce inequality is one of the lowest in Asia? [removed],-0.4263247847557068,negative
t3_rwalj8,Affordable Private Hair Dermatologist Recommendations?,[removed],Employment,-0.8,0.9,0.9,0.0,https://www.reddit.com/r/singapore/comments/rwalj8/affordable_private_hair_dermatologist/,Reddit,2022-01-05 01:37:00,Affordable Private Hair Dermatologist Recommendations? [removed],-0.4895619750022888,negative
t3_rwh1s7,do moe awards only follow schools grades? or do they take into account the o level grades too?,[removed],Education,-0.7,0.9,0.6,0.5204,https://www.reddit.com/r/singapore/comments/rwh1s7/do_moe_awards_only_follow_schools_grades_or_do/,Reddit,2022-01-05 07:21:00,do moe awards only follow schools grades? or do they take into account the o level grades too? [removed],-0.22597058992385866,negative
t3_rwhwbn,MOH makes police report against Healing the Divide group over plans to 'disrupt operations' at COVID-19 paediatric vaccination centres,,Public Health,-0.8,0.9,0.9,0.0,https://www.channelnewsasia.com/singapore/covid-19-moh-healing-divide-iris-koh-harassment-police-report-2416481?cid=internal_sharetool_androidphone_05012022_cna,Reddit,2022-01-05 08:18:00,,-0.42402517795562744,negative
t3_rwig4f,MOH makes police report against 'Healing the Divide' group for exhorting parents to overwhelm staff at vaccination centres with questions,,Public Health,-0.8,0.9,0.9,0.0,https://mothership.sg/2022/01/moh-healing-the-divide-parents-overwhelm-vaccine-centres/,Reddit,2022-01-05 08:57:00,,-0.42402517795562744,negative
t3_rwjkja,Booster jabs must be taken within 270 days after last dose to be considered 'fully vaccinated': MOH,,Public Health,-0.7,0.9,0.9,0.0,https://www.todayonline.com/singapore/booster-jabs-must-be-taken-within-270-days-after-last-dose-be-considered-fully-vaccinated-moh-1784121,Reddit,2022-01-05 10:11:00,,-0.42402517795562744,negative
t3_rwjlm3,Singapore must brace for 'much bigger' COVID-19 infection wave from Omicron compared to Delta variant: Ong Ye Kung,,Public Health,-0.8,0.9,0.9,0.0,https://www.channelnewsasia.com/singapore/omicron-delta-covid-19-singapore-brace-bigger-wave-2416581?cid=telegram_cna_social_28112017_cna,Reddit,2022-01-05 10:12:00,,-0.42402517795562744,negative
t3_rwjmdw,Covid-19 fully-vaccinated status in Singapore to expire if booster not taken within 270 days,,Public Health,-0.7,0.9,0.9,0.0,https://www.businesstimes.com.sg/government-economy/covid-19-fully-vaccinated-status-in-singapore-to-expire-if-booster-not-taken?utm_source=telegram&amp;utm_medium=social-organic,Reddit,2022-01-05 10:14:00,,-0.42402517795562744,negative
t3_rwjpbq,Covid-19 booster shot needed within 270 days of primary dose to maintain 'fully vaxxed' status,,Public Health,-0.7,0.9,0.9,0.0,https://mothership.sg/2022/01/covid-19-booster-fully-vaccinated/,Reddit,2022-01-05 10:20:00,,-0.42402517795562744,negative
t3_rwjt5q,Omicron Variant May Become Dominant Covid Strain in Singapore in 2 Months: Experts,,Public Health,-0.6,0.9,0.9,0.0,https://www.scrabbl.com/omicron-variant-may-become-dominant-covid-strain-in-singapore-in-2-months-experts,Reddit,2022-01-05 10:26:00,,-0.42402517795562744,negative
t3_rwjtj1,Covid-19 rules will remain during CNY period in view of Omicron wave,,Public Health,-0.6,0.9,0.9,0.0,https://str.sg/wgh9,Reddit,2022-01-05 10:27:00,,-0.42402517795562744,negative
t3_rwjy59,"Impending Omicron wave could mean up to 15,000 cases a day in Singapore: MOH official",,Public Health,-0.8,0.9,0.9,0.0,https://tdy.sg/3zqn9ls,Reddit,2022-01-05 10:35:00,,-0.42402517795562744,negative
t3_rwk4f5,Singapore's current Covid-19 rules will stay during CNY period in view of Omicron wave,,Public Health,-0.6,0.9,0.9,0.0,https://www.youtube.com/watch?v=CJDh-7NztiA,Reddit,2022-01-05 10:46:00,,-0.42402517795562744,negative
t3_rwk4tf,COVID-19 booster shot needed to maintain fully vaccinated status from Feb 14: MOH,,Public Health,-0.7,0.9,0.9,0.0,https://www.channelnewsasia.com/singapore/covid-19-booster-shots-needed-maintain-fully-vaccinated-status-feb-14-moh-2416586?cid=internal_sharetool_androidphone_05012022_cna,Reddit,2022-01-05 10:47:00,,-0.42402517795562744,negative
t3_rwktw6,Singapore may have no choice but to tighten measures if COVID-19 spread amplified by 'unnecessary' risks: Lawrence Wong,,Public Health,-0.7,0.9,0.9,0.0,https://www.channelnewsasia.com/singapore/singapore-may-tighten-covid-19-measures-if-spread-amplified-unnecessary-risks-lawrence-wong-2416736,Reddit,2022-01-05 11:30:00,,-0.42402517795562744,negative
t3_rwkyo4,Mandatory Booster Shot,[removed],Public Health,-0.7,0.9,0.9,0.0772,https://www.reddit.com/r/singapore/comments/rwkyo4/mandatory_booster_shot/,Reddit,2022-01-05 11:38:00,Mandatory Booster Shot [removed],-0.4491623319625854,negative
t3_rwl4ig,"I made a code which can guess your full NRIC with just the last 3 digits + alphabet, your birth month and your birth year!",[deleted],Public Safety,-0.8,0.9,0.8,0.0,https://www.onlinegdb.com/Hnn6PIWn0,Reddit,2022-01-05 11:49:00,"I made a code which can guess your full NRIC with just the last 3 digits + alphabet, your birth month and your birth year! [deleted]",-0.44231051206588745,negative
t3_rwlhu0,Singapore in talks with US after CDC description of Covid situation as ‚Äòunknown‚Äô baffles experts,,Public Health,-0.6,0.9,0.9,0.0,https://www.scmp.com/week-asia/health-environment/article/3162243/singapore-talks-us-after-cdc-description-covid?utm_source=rss_feed,Reddit,2022-01-05 12:10:00,,-0.42402517795562744,negative
t3_rwlwxg,US CDC Cautions Americans Against Travel to Singapore,,Public Health,-0.7,0.9,0.9,0.0,https://www.bloomberg.com/news/articles/2022-01-04/u-s-cdc-says-singapore-s-covid-levels-unknown,Reddit,2022-01-05 12:34:00,,-0.42402517795562744,negative
t3_rwoh7r,Why are central 24/7 clinics so infamously bad? What are your negative or even positive experiences with them?,,Healthcare,-0.8,0.9,0.9,0.0,https://i.redd.it/ambyk5hwsv981.jpg,Reddit,2022-01-05 14:43:00,,-0.42402517795562744,negative
t3_rx1eys,"38,000 seniors remain unvaccinated against Covid-19, down from 200,000 in July 2021",,Public Health,-0.6,0.9,0.9,0.0,https://str.sg/wgLD,Reddit,2022-01-06 00:31:00,,-0.42402517795562744,negative
t3_rx3j0k,"Why are bus timings so dumb? 159 is the worst bus ever, states 5 mins but takes half an hour",[removed],Transport,-0.8,0.9,0.8,-0.6335,https://www.reddit.com/r/singapore/comments/rx3j0k/why_are_bus_timings_so_dumb_159_is_the_worst_bus/,Reddit,2022-01-06 02:55:00,"Why are bus timings so dumb? 159 is the worst bus ever, states 5 mins but takes half an hour [removed]",-0.8011846940517425,negative
t3_rx6fxa,"To ex-Auditors of SG, what kind of jobs can I apply for if I exit as a A2(1 year + of exp)",[removed],Public Safety,-0.7,0.85,0.8,0.0,https://www.reddit.com/r/singapore/comments/rx6fxa/to_exauditors_of_sg_what_kind_of_jobs_can_i_apply/,Reddit,2022-01-06 05:16:00,"To ex-Auditors of SG, what kind of jobs can I apply for if I exit as a A2(1 year + of exp) [removed]",-0.48704829812049866,negative
t3_rx8pcu,"Taiwan sends honey oranges, pineapple sugar apples to Singapore for Lunar New Year | Taiwan News | 2022-01-05 17:00:00",,Public Safety,-0.7,0.85,0.8,0.0,https://www.taiwannews.com.tw/en/news/4399222,Reddit,2022-01-06 07:30:00,,-0.42402517795562744,negative
t3_rxbf2z,SOS: Gamer opinions needed for my most important project yet,[removed],Public Safety,-0.8,0.9,0.9,0.2716,https://www.reddit.com/r/singapore/comments/rxbf2z/sos_gamer_opinions_needed_for_my_most_important/,Reddit,2022-01-06 10:28:00,SOS: Gamer opinions needed for my most important project yet [removed],-0.335910592508316,negative
t3_rxe26p,"Man breached SHN twice to shop and watch movie, his lawyer cited stress",,Public Safety,-0.8,0.9,0.8,0.0,https://sg.news.yahoo.com/man-breached-shn-twice-shop-watch-movie-lawyer-stress-081948876.html,Reddit,2022-01-06 13:00:00,,-0.42402517795562744,negative
t3_rxh5db,813 new Covid-19 cases in S'pore; weekly infection growth rate rises to 1.5,,Public Health,-0.8,0.9,0.9,0.0,https://www.straitstimes.com/singapore/health/813-new-covid-19-cases-in-spore-weekly-infection-growth-rate-rises-to-15,Reddit,2022-01-06 15:26:00,,-0.42402517795562744,negative
t3_rxunhj,"Woman Loses Almost $100K In Life And Family Savings To Phishing Scam, OCBC Says Chance Of Recovery Slim",,Public Safety,-0.9,0.9,0.8,0.0,https://planb.sg/woman-loses-almost-100k-in-life-and-family-savings-to-phishing-scam-ocbc-says-chance-of-recovery-slim/,Reddit,2022-01-07 01:18:00,,-0.42402517795562744,negative
t3_ry5acr,"Hawkers are struggling to maintain the price of their food in the face of rising rent, electricity, gas and food products - Source : OK Chicken Rice Facebook",,Economy,-0.8,0.9,0.8,0.0,https://i.redd.it/p9xhku7039a81.jpg,Reddit,2022-01-07 11:22:00,,-0.42402517795562744,negative
t3_rya4ev,what would happen if i illegally skipped NS,[removed],Legal,-0.8,0.9,0.9,0.0,https://www.reddit.com/r/singapore/comments/rya4ev/what_would_happen_if_i_illegally_skipped_ns/,Reddit,2022-01-07 15:35:00,what would happen if i illegally skipped NS [removed],-0.38156646490097046,negative
t3_ryu0nz,Sugar mummy exist?üòÖü§ìüîç,,Public Safety,-0.8,0.9,0.9,0.0,https://i.redd.it/0zeoev38yea81.jpg,Reddit,2022-01-08 07:06:00,,-0.42402517795562744,negative
t3_rywmwj,Why isn't smoking while walking banned?,For non smokers.. It is really very irritating when we are walking behind them. I really hope NEA can pass a law about this.,Public Health,-0.8,0.9,0.8,-0.5233,https://www.reddit.com/r/singapore/comments/rywmwj/why_isnt_smoking_while_walking_banned/,Reddit,2022-01-08 10:08:00,Why isn't smoking while walking banned? For non smokers.. It is really very irritating when we are walking behind them. I really hope NEA can pass a law about this.,-0.7388478855133056,negative
t3_ryxqpm,Hospitals Are in Serious Trouble,,Healthcare,-0.9,0.95,0.9,0.0,https://www.theatlantic.com/health/archive/2022/01/omicron-mild-hospital-strain-health-care-workers/621193/,Reddit,2022-01-08 11:21:00,,-0.42402517795562744,negative
t3_ryyi0m,MOF infographic on why not tax the rich more,,Economy,-0.6,0.9,0.8,0.0,https://i.redd.it/aw527ahggga81.jpg,Reddit,2022-01-08 12:10:00,,-0.42402517795562744,negative
t3_ryzeb9,"lady took 2 pfizer shot and went to took 1 sinovac shot, considered unvaccinated. she need to take 2 more sinovac to be fully vaccinated + a MRNA booster thereafter",,Public Health,-0.7,0.85,0.8,0.0,https://www.zaobao.com.sg/news/singapore/story20220108-1230842,Reddit,2022-01-08 13:03:00,,-0.42402517795562744,negative
t3_rzj3ly,Laozi Recited,[removed],Public Safety,-0.8,0.9,0.9,0.0,https://www.reddit.com/r/singapore/comments/rzj3ly/laozi_recited/,Reddit,2022-01-09 04:14:00,Laozi Recited [removed],-0.48469990491867065,negative
t3_rzp34t,OCBC phishing scam left victim broke and starving on Christmas Day,,Public Safety,-0.9,0.9,0.9,0.0,https://www.todayonline.com/singapore/ocbc-phishing-scam-left-victim-broke-and-starving-christmas-day-1786751,Reddit,2022-01-09 10:45:00,,-0.42402517795562744,negative
t3_rzuzmt,845 new Covid-19 cases in S'pore; weekly infection growth rate rises to 1.8,,Public Health,-0.8,0.9,0.9,0.0,https://www.straitstimes.com/singapore/845-new-covid-19-cases-in-spore-weekly-infection-growth-rate-rises-to-18,Reddit,2022-01-09 16:12:00,,-0.42402517795562744,negative
t3_s06my5,'There is a loophole in the system': Car accident victim finds himself unable to claim insurance,,Legal,-0.8,0.9,0.9,0.0,https://www.straitstimes.com/singapore/spore-car-accident-victims-inability-to-claim-insurance-not-due-to-loophole-in-system?utm_campaign=stfb&amp;utm_medium=social&amp;utm_source=facebook&amp;fbclid=IwAR0PZ_GaP2Lg_QCy-30r8VNCLUqSjPm3S6ftVHs4UAeUbRk_v6k8zRwEZ5o,Reddit,2022-01-10 00:54:00,,-0.42402517795562744,negative
t3_s0iipu,Should Smoking At Home Be Banned?,,Public Health,-0.8,0.9,0.8,0.0,https://www.youtube.com/watch?v=TzRZljciU8s,Reddit,2022-01-10 12:02:00,,-0.42402517795562744,negative
t3_s0ima2,Should Smoking At Home Be Banned? | Talking Point | Full Episode,,Public Health,-0.8,0.9,0.8,0.0,https://youtu.be/TzRZljciU8s,Reddit,2022-01-10 12:08:00,,-0.42402517795562744,negative
t3_s0k8u4,"Missing, possibly passed on cat in Springleaf Gardens, please help",[removed],Healthcare,-0.7,0.9,0.8,0.4215,https://www.reddit.com/r/singapore/comments/s0k8u4/missing_possibly_passed_on_cat_in_springleaf/,Reddit,2022-01-10 13:39:00,"Missing, possibly passed on cat in Springleaf Gardens, please help [removed]",-0.15546353030204774,negative
t3_s0wfav,Singapore aims for quarantine-free travel for all vaccinated travellers: Iswaran,,Public Health,-0.7,0.9,0.8,0.0,https://www.businesstimes.com.sg/government-economy/singapore-aims-for-quarantine-free-travel-for-all-vaccinated-travellers-iswaran,Reddit,2022-01-10 22:23:00,,-0.42402517795562744,negative
t3_s11hwe,"Institute of Policy Studies: Covid Response OR ""why we will stay closed until 2024"". Singaporeans are fearful of opening ""too fast"". Satisfaction with govt closely tied to case numbers. 51% don't like VTLs.",,Public Health,-0.8,0.9,0.9,0.0,https://lkyspp.nus.edu.sg/docs/default-source/ips/working-paper-43__living-with-covid-19-in-singapore-attitudes-challenges-and-the-way-ahead.pdf,Reddit,2022-01-11 02:14:00,,-0.42402517795562744,negative
t3_s12oe0,COVID-19 patients above 18 who do not get required booster shots will have to foot own medical bills: MOH,,Healthcare,-0.7,0.9,0.8,0.0,https://www.channelnewsasia.com/singapore/covid-19-vaccine-hazel-poa-psp-2426096,Reddit,2022-01-11 03:12:00,,-0.42402517795562744,negative
t3_s138jl,"IPS Report on Covid Response, or why we won't reopen anytime soon.","&gt;**The Institute of Policy Studies (IPS)** was established in 1988 to promote a greater awareness of policy issues and good governance. Today, IPS is a thinktank within the Lee Kuan Yew School of Public Policy (LKYSPP) at the National University of Singapore.&amp;#x200B;Quite an enlightening read, explaining why Government will not reopen, **they're just giving the people what they want**. Report is from the beginning of December. [Read Here](https://lkyspp.nus.edu.sg/docs/default-source/ips/working-paper-43__living-with-covid-19-in-singapore-attitudes-challenges-and-the-way-ahead.pdf)https://preview.redd.it/oo6c9wqrd0b81.png?width=582&amp;format=png&amp;auto=webp&amp;s=3573d64e704e094d820550f0a54af9b85cb9894dFindings:* **Case numbers are directly correlated to the support for Govt**   * *The fluctuations in attitudes and perceptions towards the government‚Äôs COVID-19 management appeared to move in tandem with the daily case numbers** **Singaporeans are afraid of reopening too fast**   * *""Singaporeans are cautious lest it opens too fast to its own detriment.""** **80% of Singaporeans want a slow reopening, if the alternative is 6-7 deaths a day.**   * *Respondents were presented two options based on what experts say - a slow opening if Singapore wishes to keep the COVID-19 death rate to about two per day; a faster opening would mean the daily death rate would likely rise to about six or seven cases daily. At least 80 per cent of respondents believed that Singapore should have a slower reopening with      fewer deaths** **51% of responders do not support handling of VTLs.** Support went down as cases went up.* **Only 40% feel positive about treating Covid as an endemic virus.*** **Almost 70% wanted a ""heightened alert"" or Circuit breaker in Mid-September. This was swiftly followed by cutting dine in limit to 2pax. People want, people get.**   * *Around 68 per cent in W36 (15 ‚Äì 21 September 2021) to W38 (1 ‚Äì 11 October 2021) felt that Singapore should return to a heightened alert phase or CB now to curb the sharp rise in cases*&amp;#x200B;https://preview.redd.it/k5w0r4tvd0b81.png?width=561&amp;format=png&amp;auto=webp&amp;s=1ef4d9c75b6d2668622fe94bf9752f36e95df1b7* **70% believes vaccines should be compulsory, 83% will take the booster when it's offered*** **92% believes taking annual booster shots will protect them from getting infected and infecting those around them.**https://preview.redd.it/s42gslc0e0b81.png?width=567&amp;format=png&amp;auto=webp&amp;s=bdb9713834594ed101342f776002b48399b56f91* **Close to 60% doesn't feel confident dining out in public places**https://preview.redd.it/rhzr5at3e0b81.png?width=564&amp;format=png&amp;auto=webp&amp;s=dce32f65365e744cc54812880c74412cbd8af5b1* **Majority of people doesn't feel confident enough to leisure travel or attend events**&amp;#x200B;https://preview.redd.it/0nq3xui5e0b81.png?width=564&amp;format=png&amp;auto=webp&amp;s=20e2d74c8926839c72ca018759c8ef445b07adc3&amp;#x200B;**Bonus! My view on the Government strategy that I posted in a comment yesterday.**&gt;*‚ÄúActually, PAP votes always drop one. Every election the PAP votes drop. You check back the 50 years‚Äô history. Then suddenly a crisis will save us. Then we‚Äôll start dropping again. Until the next crisis will save us, and we‚Äôll drop again.‚Äú*  &gt;  &gt;*‚ÄúYou look at the last 40 years pattern, it‚Äôs the same one. Lee Kuan Yew‚Äôs death saved us. Before Lee Kuan Yew‚Äôs death, 9/11 saved us. Then before 9/11?*  &gt;  &gt;Chan Chun Sing, 2020&amp;#x200B;&gt;*In Mr. Wong‚Äôs vision of how the pandemic will play out in Singapore, people will continue to wear face masks. Travel is unlikely to be entirely free. Social distancing will remain, perhaps until 2024*  &gt;  &gt;NYT, Oct 8 2021PAP needs to avoid, at all cost, opposition attacking them with a message that they sacrificed lives for ‚Äúmoney‚Äù or to allow foreigners to come here (open borders).This is an emotional message that would be hard-hitting.It would be much more difficult for the opposition to attack them for not opening up fast enough. Singaporeans HATE risk. Message ""government didn't take enough risk"" won't fly.PAP rightly seems to believe Covid cases and deaths are the most dangerous weapon that opposition can roll out against them.&amp;#x200B;&gt;""They opened the economy, killing your grandmas and grandads, money over life!""  &gt;  &gt;""They opened the borders, they'd rather have more Indians stealing your jobs than protecting your health""&amp;#x200B;So PAP's plan of action appears to keep the restrictions as long as it's possible, and then in 2024, a year before the elections, announce a grand victory, and have people vote them back in.[Less cases = more votes for PAP. That's the only thing that matters.](https://www.todayonline.com/singapore/satisfaction-govts-handling-covid-19-closely-tied-daily-case-numbers-ips-study)Oh, and you may be asking about people's careers, jobs other than silly SDA and TT checker jobs, businesses going down, HDB delays, people's mental health in shambles, relationships, businesses? **They believe the greatest thing for Singapore is continued hegemony of PAP, hence all of these are sacrifices they're willing to make ""for the greater good"". What's 5 years in face of the next 50 years?**Also, Hong Kong dropping its ambitions of being an open, global Asian city, means Singapore no longer has to compete with Hong Kong to be the best place in Asia to put your regional headquarters. It's one of the greatest gifts for Singapore's government. They can be ultra strict and it will still look good when compared to what's going on with HK.",Public Health,-0.7,0.9,0.9,0.5115,https://www.reddit.com/r/singapore/comments/s138jl/ips_report_on_covid_response_or_why_we_wont/,Reddit,2022-01-11 03:40:00,"IPS Report on Covid Response, or why we won't reopen anytime soon. &gt;**The Institute of Policy Studies (IPS)** was established in 1988 to promote a greater awareness of policy issues and good governance. Today, IPS is a thinktank within the Lee Kuan Yew School of Public Policy (LKYSPP) at the National University of Singapore.&amp;#x200B;Quite an enlightening read, explaining why Government will not reopen, **they're just giving the people what they want**. Report is from the beginning of December. [Read Here](https://lkyspp.nus.edu.sg/docs/default-source/ips/working-paper-43__living-with-covid-19-in-singapore-attitudes-challenges-and-the-way-ahead.pdf)https://preview.redd.it/oo6c9wqrd0b81.png?width=582&amp;format=png&amp;auto=webp&amp;s=3573d64e704e094d820550f0a54af9b85cb9894dFindings:* **Case numbers are directly correlated to the support for Govt**   * *The fluctuations in attitudes and perceptions towards the government‚Äôs COVID-19 management appeared to move in tandem with the daily case numbers** **Singaporeans are afraid of reopening too fast**   * *""Singaporeans are cautious lest it opens too fast to its own detriment.""** **80% of Singaporeans want a slow reopening, if the alternative is 6-7 deaths a day.**   * *Respondents were presented two options based on what experts say - a slow opening if Singapore wishes to keep the COVID-19 death rate to about two per day; a faster opening would mean the daily death rate would likely rise to about six or seven cases daily. At least 80 per cent of respondents believed that Singapore should have a slower reopening with      fewer deaths** **51% of responders do not support handling of VTLs.** Support went down as cases went up.* **Only 40% feel positive about treating Covid as an endemic virus.*** **Almost 70% wanted a ""heightened alert"" or Circuit breaker in Mid-September. This was swiftly followed by cutting dine in limit to 2pax. People want, people get.**   * *Around 68 per cent in W36 (15 ‚Äì 21 September 2021) to W38 (1 ‚Äì 11 October 2021) felt that Singapore should return to a heightened alert phase or CB now to curb the sharp rise in cases*&amp;#x200B;https://preview.redd.it/k5w0r4tvd0b81.png?width=561&amp;format=png&amp;auto=webp&amp;s=1ef4d9c75b6d2668622fe94bf9752f36e95df1b7* **70% believes vaccines should be compulsory, 83% will take the booster when it's offered*** **92% believes taking annual booster shots will protect them from getting infected and infecting those around them.**https://preview.redd.it/s42gslc0e0b81.png?width=567&amp;format=png&amp;auto=webp&amp;s=bdb9713834594ed101342f776002b48399b56f91* **Close to 60% doesn't feel confident dining out in public places**https://preview.redd.it/rhzr5at3e0b81.png?width=564&amp;format=png&amp;auto=webp&amp;s=dce32f65365e744cc54812880c74412cbd8af5b1* **Majority of people doesn't feel confident enough to leisure travel or attend events**&amp;#x200B;https://preview.redd.it/0nq3xui5e0b81.png?width=564&amp;format=png&amp;auto=webp&amp;s=20e2d74c8926839c72ca018759c8ef445b07adc3&amp;#x200B;**Bonus! My view on the Government strategy that I posted in a comment yesterday.**&gt;*‚ÄúActually, PAP votes always drop one. Every election the PAP votes drop. You check back the 50 years‚Äô history. Then suddenly a crisis will save us. Then we‚Äôll start dropping again. Until the next crisis will save us, and we‚Äôll drop again.‚Äú*  &gt;  &gt;*‚ÄúYou look at the last 40 years pattern, it‚Äôs the same one. Lee Kuan Yew‚Äôs death saved us. Before Lee Kuan Yew‚Äôs death, 9/11 saved us. Then before 9/11?*  &gt;  &gt;Chan Chun Sing, 2020&amp;#x200B;&gt;*In Mr. Wong‚Äôs vision of how the pandemic will play out in Singapore, people will continue to wear face masks. Travel is unlikely to be entirely free. Social distancing will remain, perhaps until 2024*  &gt;  &gt;NYT, Oct 8 2021PAP needs to avoid, at all cost, opposition attacking them with a message that they sacrificed lives for ‚Äúmoney‚Äù or to allow foreigners to come here (open borders).This is an emotional message that would be hard-hitting.It would be much more difficult for the opposition to attack them for not opening up fast enough. Singaporeans HATE risk. Message ""government didn't take enough risk"" won't fly.PAP rightly seems to believe Covid cases and deaths are the most dangerous weapon that opposition can roll out against them.&amp;#x200B;&gt;""They opened the economy, killing your grandmas and grandads, money over life!""  &gt;  &gt;""They opened the borders, they'd rather have more Indians stealing your jobs than protecting your health""&amp;#x200B;So PAP's plan of action appears to keep the restrictions as long as it's possible, and then in 2024, a year before the elections, announce a grand victory, and have people vote them back in.[Less cases = more votes for PAP. That's the only thing that matters.](https://www.todayonline.com/singapore/satisfaction-govts-handling-covid-19-closely-tied-daily-case-numbers-ips-study)Oh, and you may be asking about people's careers, jobs other than silly SDA and TT checker jobs, businesses going down, HDB delays, people's mental health in shambles, relationships, businesses? **They believe the greatest thing for Singapore is continued hegemony of PAP, hence all of these are sacrifices they're willing to make ""for the greater good"". What's 5 years in face of the next 50 years?**Also, Hong Kong dropping its ambitions of being an open, global Asian city, means Singapore no longer has to compete with Hong Kong to be the best place in Asia to put your regional headquarters. It's one of the greatest gifts for Singapore's government. They can be ultra strict and it will still look good when compared to what's going on with HK.",-0.5827558423042297,negative
t3_s176v8,"Condo resale prices surged 10.3% in 2021, with sales up nearly 82%",,Housing,-0.8,0.9,0.9,0.0,https://www.straitstimes.com/business/property/condo-resale-prices-surged-103-in-2021-with-sales-up-nearly-82-srx-99co,Reddit,2022-01-11 07:22:00,,-0.42402517795562744,negative
t3_s19b7m,Man who fractured 74-year-old cleaner's cheek and broke his dentures jailed 9 weeks,,Public Safety,-0.8,0.9,0.7,0.0,https://www.straitstimes.com/singapore/courts-crime/man-who-fractured-74-year-old-cleaners-cheek-and-broke-his-dentures-jailed-9-weeks,Reddit,2022-01-11 09:47:00,,-0.42402517795562744,negative
t3_s19byy,"MOH doing more to curb popularity of vaping among the young, will study NZ's cohort ban on smoking",,Public Health,-0.7,0.95,0.9,0.0,https://www.straitstimes.com/singapore/politics/moh-pushing-against-popularity-of-vaping-among-youths-will-study-nzs-cohort-ban-on-smoking?utm_campaign=stfb&amp;utm_medium=social&amp;utm_source=facebook&amp;fbclid=IwAR3gfKNoPWBXRR43YJ7lMmM_s8xrj1bgmdV5bt2MfvRMElI_7M2oPjyuLBk,Reddit,2022-01-11 09:48:00,,-0.42402517795562744,negative
t3_s19jxu,Driver arrested after incident involving security officer outside Red Swastika School,,Public Safety,-0.7,0.85,0.7,0.0,https://www.channelnewsasia.com/singapore/driver-arrested-red-swastika-school-incident-car-push-security-officer-2428086,Reddit,2022-01-11 10:03:00,,-0.42402517795562744,negative
t3_s19r70,Indranee Rajah gives stern reminder after Leong Mun Wai fails to substantiate allegations on vaccination-differentiated measures,[deleted],Politics,-0.6,0.85,0.8,-0.4215,https://www.straitstimes.com/singapore/leader-of-the-house-indranee-rajah-gives-stern-reminder-after-psps-leong-mun-wai-fails-to-substantiate-allegations,Reddit,2022-01-11 10:17:00,Indranee Rajah gives stern reminder after Leong Mun Wai fails to substantiate allegations on vaccination-differentiated measures [deleted],-0.5981757504940033,negative
t3_s1btxl,Indranee gives stern reminder after Leong Mun Wai fails to prove claim on rules for unvaccinated kids,,Politics,-0.6,0.85,0.8,0.0,https://www.straitstimes.com/singapore/leader-of-the-house-indranee-rajah-gives-stern-reminder-after-psps-leong-mun-wai-fails-to-substantiate-allegations?utm_campaign=stfb&amp;utm_medium=social&amp;utm_source=facebook&amp;fbclid=IwAR1TJEW8zBOORNKXI_g1AtB-RqKTPF0l-dzJIdvMSC9yFhnfrWcICrzDzRE,Reddit,2022-01-11 12:30:00,,-0.42402517795562744,negative
t3_s1db2j,"Cosmetics company Clarins hit by data security incident, 'may involve' Singapore customers‚Äô personal information",,Legal,-0.7,0.85,0.7,0.0,https://www.channelnewsasia.com/singapore/clarins-data-security-incident-singapore-customers-personal-information-log4j-software-vulnerability-2428066,Reddit,2022-01-11 13:48:00,,-0.42402517795562744,negative
t3_s1dds3,Secondhand smoke in homes: A bigger problem than Singapore authorities think?,,Public Health,-0.8,0.9,0.8,0.0,https://www.channelnewsasia.com/cna-insider/secondhand-smoke-homes-bigger-problem-singapore-authorities-think-health-regulation-2425276?cid=telegram_cna_social_28112017_cna,Reddit,2022-01-11 13:52:00,,-0.42402517795562744,negative
t3_s1ecx5,Leong Mun Wai rebuked over claims of students being differentiated based on vaccination status,,Politics,-0.6,0.85,0.8,0.0,https://youtu.be/nV8o4mXWlEo,Reddit,2022-01-11 14:38:00,,-0.42402517795562744,negative
t3_s1ei41,33-year-old man to be charged with murder of wife at Ang Mo Kio residence,[deleted],Public Safety,-0.9,0.9,0.9,-0.7579,https://www.straitstimes.com/singapore/courts-crime/man-to-be-charged-murder-of-woman-at-ang-mo-kio-residence,Reddit,2022-01-11 14:44:00,33-year-old man to be charged with murder of wife at Ang Mo Kio residence [deleted],-0.7882435919761658,negative
t3_s1f5w1,Man to be charged with murder of wife in Ang Mo Kio residential unit,,Public Safety,-0.9,0.9,0.9,0.0,https://www.channelnewsasia.com/singapore/man-arrested-alleged-murder-wife-ang-mo-kio-2428536,Reddit,2022-01-11 15:13:00,,-0.42402517795562744,negative
t3_s1p33z,[DISC] Did air quality just drop overnight?,[removed],Environment,-0.8,0.9,0.9,-0.2732,https://www.reddit.com/r/singapore/comments/s1p33z/disc_did_air_quality_just_drop_overnight/,Reddit,2022-01-11 22:08:00,[DISC] Did air quality just drop overnight? [removed],-0.5713433149814606,negative
t3_s1rd87,Anyone else been smelling haze since yesterday?,I live in the east and it's been particularly bad since last evening. The burning smells is very strong despite the 24 hr PSI listing it as merely moderate. Anyone else experiencing the same?,Environment,-0.8,0.9,0.9,-0.1431,https://www.reddit.com/r/singapore/comments/s1rd87/anyone_else_been_smelling_haze_since_yesterday/,Reddit,2022-01-11 23:48:00,Anyone else been smelling haze since yesterday? I live in the east and it's been particularly bad since last evening. The burning smells is very strong despite the 24 hr PSI listing it as merely moderate. Anyone else experiencing the same?,-0.5435973885536194,negative
t3_s23c83,"Professor Ehud Qimron: ‚ÄúMinistry of Health, it‚Äôs time to admit failure‚Äù",,Healthcare,-0.9,0.9,0.9,0.0,https://swprs.org/professor-ehud-qimron-ministry-of-health-its-time-to-admit-failure/?fbclid=IwAR1AIWZePzwYF8OBL3yqVhqNJ2OngihIKEMgM6UyLs480OlkLdZ2iPCyYdc,Reddit,2022-01-12 10:38:00,,-0.42402517795562744,negative
t3_s2mm3c,"If i skip NS, will my parents be arrested on arrival in Singapore",[removed],Legal,-0.7,0.9,0.9,-0.4767,https://www.reddit.com/r/singapore/comments/s2mm3c/if_i_skip_ns_will_my_parents_be_arrested_on/,Reddit,2022-01-13 01:21:00,"If i skip NS, will my parents be arrested on arrival in Singapore [removed]",-0.5665847023487092,negative
t3_s2qi3u,Man charged with bribing nurse to record he had received second vaccine jab,[removed],Legal,-0.9,0.9,0.9,-0.2023,https://www.reddit.com/r/singapore/comments/s2qi3u/man_charged_with_bribing_nurse_to_record_he_had/,Reddit,2022-01-13 04:30:00,Man charged with bribing nurse to record he had received second vaccine jab [removed],-0.35823338618278505,negative
t3_s2rrtb,Man charged with bribing nurse to record he had taken 2nd COVID vaccine shot,,Legal,-0.9,0.9,0.9,0.0,https://sg.news.yahoo.com/man-charged-bribing-nurse-record-covid-vaccine-shot-024856608.html?guccounter=1&amp;guce_referrer=aHR0cHM6Ly9mb3J1bXMuaGFyZHdhcmV6b25lLmNvbS5zZy90aHJlYWRzL21hbi1jaGFyZ2VkLXdpdGgtYnJpYmluZy1udXJzZS10by1yZWNvcmQtaGUtaGFkLXRha2VuLTJuZC1jb3ZpZC12YWNjaW5lLXNob3QuNjY3ODA1MS8&amp;guce_referrer_sig=AQAAAGXdkZCu4HB1I_CqZWI7HMjfQ342DHlhA0LcKPfqGCnj7S3e59hR0VqCR1e4Zcu2_w2yhSY8VR_xL4d-csvCt6lqB2gSv-2-nkIaFxWT75qMOaVs-d6ToTuY068w764g5uJnmZBwwJB9wf3NfJsk56bLVX6yD7pJJBs_eF7SosD9,Reddit,2022-01-13 05:39:00,,-0.42402517795562744,negative
t3_s2t7qt,Man on trial for sexually abusing ex-girlfriend's children more than a decade ago,,Legal,-0.9,0.9,0.9,0.0,https://www.straitstimes.com/singapore/courts-crime/man-on-trial-for-sexually-abusing-ex-girlfriends-children-more-than-a-decade-ago,Reddit,2022-01-13 07:02:00,,-0.42402517795562744,negative
t3_s2v91f,Driver and son narrowly escape car that catches fire outside Maris Stella High School,,Politics,-0.7,0.9,0.9,0.0,https://www.straitstimes.com/singapore/driver-and-son-narrowly-escape-car-which-caught-fire-outside-maris-stella-high-school?close=true,Reddit,2022-01-13 09:11:00,,-0.42402517795562744,negative
t3_s3d982,LMW shut down by TCJ in parliament,,Legal,-0.8,0.9,0.8,0.0,https://youtu.be/-J7rcmU5734,Reddit,2022-01-13 23:45:00,,-0.42402517795562744,negative
t3_s3j5ou,"Air-con repairman dangles outside 12th storey HDB flat without harness, risks life for few hundred dollars",,Public Safety,-0.9,0.9,0.9,0.0,https://mothership.sg/2022/01/air-con-man-hdb-outside-dangerous/,Reddit,2022-01-14 04:22:00,,-0.42402517795562744,negative
t3_s3qa2s,Businessman falsely accused of being Bentley driver involved in school scuffle files police report,[deleted],Legal,-0.8,0.9,0.7,-0.296,https://www.straitstimes.com/singapore/courts-crime/businessman-falsely-accused-of-being-bentley-driver-involved-in-school-scuffle-files-police-report,Reddit,2022-01-14 11:32:00,Businessman falsely accused of being Bentley driver involved in school scuffle files police report [deleted],-0.5690262298583985,negative
t3_s3qyau,Reports about Covid Death in Singapore and Malaysia,[removed],Public Health,-0.7,0.9,0.9,-0.5994,https://www.reddit.com/r/singapore/comments/s3qyau/reports_about_covid_death_in_singapore_and/,Reddit,2022-01-14 12:12:00,Reports about Covid Death in Singapore and Malaysia [removed],-0.6768083354949952,negative
t3_s3r4x1,Online Job scam,[removed],Public Safety,-0.8,0.9,0.8,-0.5719,https://www.reddit.com/r/singapore/comments/s3r4x1/online_job_scam/,Reddit,2022-01-14 12:23:00,Online Job scam [removed],-0.7129752287387847,negative
t3_s3st28,"OCBC S'pore scam victims, many who lost life savings, slam bank for underwhelming response",,Public Safety,-0.9,0.9,0.9,0.0,https://mothership.sg/2022/01/ocbc-scam-victims/,Reddit,2022-01-14 13:49:00,,-0.42402517795562744,negative
t3_s3vmcx,Recycling bins to be given to each household to raise domestic recycling rate,,Public Health,-0.7,0.9,0.9,0.0,https://www.straitstimes.com/singapore/environment/recycling-bins-to-be-given-to-each-household-to-raise-domestic-recycling-rate,Reddit,2022-01-14 15:55:00,,-0.42402517795562744,negative
t3_s43uby,"/r/singapore random discussion and small questions thread for January 15, 2022","Talk about your day. Anything goes, but subreddit rules still apply. Please be polite to each other!",Economy,-0.8,0.9,0.9,0.501,https://www.reddit.com/r/singapore/comments/s43uby/rsingapore_random_discussion_and_small_questions/,Reddit,2022-01-14 22:00:00,"/r/singapore random discussion and small questions thread for January 15, 2022 Talk about your day. Anything goes, but subreddit rules still apply. Please be polite to each other!",-0.09676256132125854,neutral
t3_s4489r,"The Big Read: Singapore households, businesses not spared from global inflation storm as GST increase looms",,Public Safety,-0.8,0.9,0.9,0.0,https://www.channelnewsasia.com/singapore/gst-increase-price-hike-households-businesses-inflation-living-costs-2422671,Reddit,2022-01-14 22:16:00,,-0.42402517795562744,negative
